{
  "name": "wfrp-tweaks",
  "title": "WFRP - Tweaks",
  "description": "A series of tweaks providing additional automation, macro support, and house rules.",
  "version": "1.2.1",
  "minimumCoreVersion": "0.5.3",
  "supportedCoreVersion" : "0.6.0",
  "author": "Michael Sebelski [DasSauerkraut#3215], Initially by Moo Man",
  "url": "https://github.com/DasSauerkraut/wfrp-tweaks",
  "manifest": "https://raw.githubusercontent.com/DasSauerkraut/wfrp-tweaks/master/module.json",
  "download": "https://github.com/DasSauerkraut/wfrp-tweaks/raw/master/package/wfrp-tweaks-v1.2.1.zip",
  "esmodules": [ 
    "wfrp-tweaks.mjs",
    "wfrp-macros.mjs",
    "modules/settings.mjs",
    "modules/preloadTemplates.mjs",
    "modules/spendAdvantage.mjs",
    "modules/advantageBonus.mjs"
  ],
  "styles": [ "./css/wfrp-tweaks-style.css" ],
  "packs": []
}
