{
  "name": "wfrp-tweaks",
  "title": "WFRP - Tweaks",
  "description": "TBA",
  "version": "1.0.0",
  "minimumCoreVersion": "0.5.3",
  "author": "Michael Sebelski [DasSauerkraut#3215], Initially by Moo Man",
  "url": "https://github.com/DasSauerkraut/wfrp-gwmwg",
  "manifest": "https://raw.githubusercontent.com/DasSauerkraut/wfrp-tweaks/master/module.json",
  "download": "https://github.com/DasSauerkraut/wfrp-gwmwg/raw/master/package/wfrp-tweaks-v1.0.0.zip",
  "esmodules": [ 
    "wfrp-tweaks.mjs",
    "wfrp-macros.mjs",
    "modules/settings.mjs",
    "modules/preloadTemplates.mjs"
  ],
  "styles": [ "./css/wfrp-tweaks-style.css" ],
  "packs": []
}
